items;lenItems;support;PBoarder;NBoarder;ClosedSet;FreeSet
(5,);1;0.7357047197759831;[[5], [1]];[[25], [21], [26], [19], [16], [22], [9], [7], [10], [0], [28], [29], [2], [30], [20], [15], [13], [11], [8], [14], [23], [4], [17], [6], [18], [12], [27], [24]];[[[5], 36257], [[1], 31087]];[[[30], 9531], [[20], 2603], [[15], 19377], [[13], 3904], [[11], 3676], [[8], 12631], [[25], 838], [[14], 316], [[23], 10722], [[4], 13025], [[21], 9677], [[26], 2904], [[19], 2451], [[16], 717], [[22], 6228], [[9], 6846], [[7], 8], [[5], 36257], [[10], 1787], [[0], 12997], [[17], 758], [[6], 3725], [[28], 14017], [[18], 2476], [[1], 31087], [[12], 15386], [[29], 16815], [[2], 5198], [[27], 6015], [[24], 4533]];
(1,);1;0.6307982630575057;[[5], [1]];[[25], [21], [26], [19], [16], [22], [9], [7], [10], [0], [28], [29], [2], [30], [20], [15], [13], [11], [8], [14], [23], [4], [17], [6], [18], [12], [27], [24]];[[[5], 36257], [[1], 31087]];[[[30], 9531], [[20], 2603], [[15], 19377], [[13], 3904], [[11], 3676], [[8], 12631], [[25], 838], [[14], 316], [[23], 10722], [[4], 13025], [[21], 9677], [[26], 2904], [[19], 2451], [[16], 717], [[22], 6228], [[9], 6846], [[7], 8], [[5], 36257], [[10], 1787], [[0], 12997], [[17], 758], [[6], 3725], [[28], 14017], [[18], 2476], [[1], 31087], [[12], 15386], [[29], 16815], [[2], 5198], [[27], 6015], [[24], 4533]];
